mean_fit_time,std_fit_time,mean_score_time,std_score_time,param_max_depth,param_max_features,param_min_samples_split,param_n_estimators,params,split0_test_score,split1_test_score,split2_test_score,mean_test_score,std_test_score,rank_test_score
1.8025860786437988,0.5085582352925259,0.11984499295552571,0.014433722763082895,10,sqrt,2,100,"{'max_depth': 10, 'max_features': 'sqrt', 'min_samples_split': 2, 'n_estimators': 100}",-239.8006018733062,-203.74827669993383,-276.47617132672326,-240.00834996665444,29.69140205136906,64
3.296072483062744,0.9347176369114725,0.22847986221313477,0.044147421995672,10,sqrt,2,200,"{'max_depth': 10, 'max_features': 'sqrt', 'min_samples_split': 2, 'n_estimators': 200}",-239.9749488318745,-204.19569836100555,-274.2786244100681,-239.48309053431606,28.613348567154816,58
8.439070224761963,2.6732237956453244,0.45598697662353516,0.022025071816676678,10,sqrt,2,500,"{'max_depth': 10, 'max_features': 'sqrt', 'min_samples_split': 2, 'n_estimators': 500}",-235.91433052046597,-203.89732403727055,-274.7113593684307,-238.17433797538908,28.95384401932301,51
1.8175912698109944,0.5810753005609588,0.1543897787729899,0.04145633804405115,10,sqrt,5,100,"{'max_depth': 10, 'max_features': 'sqrt', 'min_samples_split': 5, 'n_estimators': 100}",-242.26663162253917,-205.51853434469567,-278.0384185029211,-241.94119482338533,29.60701303647828,76
3.305063009262085,0.9893499712433382,0.18409204483032227,0.024133848713633842,10,sqrt,5,200,"{'max_depth': 10, 'max_features': 'sqrt', 'min_samples_split': 5, 'n_estimators': 200}",-238.36566387026792,-205.52931384769042,-280.88800837050655,-241.59432869615497,30.849650645933522,74
8.33055011431376,2.5594681245308437,0.4650312264760335,0.026210698185757123,10,sqrt,5,500,"{'max_depth': 10, 'max_features': 'sqrt', 'min_samples_split': 5, 'n_estimators': 500}",-236.2176678560186,-204.51374406829234,-278.54538821274446,-239.75893337901846,30.326847344786636,60
1.7246772448221843,0.594421936519881,0.12459746996561687,0.013570298990070227,10,sqrt,10,100,"{'max_depth': 10, 'max_features': 'sqrt', 'min_samples_split': 10, 'n_estimators': 100}",-246.22144504869178,-202.64869500512748,-280.48441744208,-243.11818583196637,31.85197623534235,80
3.3116300900777182,0.9992739513750278,0.21150954564412436,0.04005063039199377,10,sqrt,10,200,"{'max_depth': 10, 'max_features': 'sqrt', 'min_samples_split': 10, 'n_estimators': 200}",-238.55627256253558,-202.637431122734,-281.72594178044625,-240.9732151552386,32.33294850083098,70
8.044605811436972,2.4361147729686863,0.4712975025177002,0.016695141221002296,10,sqrt,10,500,"{'max_depth': 10, 'max_features': 'sqrt', 'min_samples_split': 10, 'n_estimators': 500}",-237.83141151082344,-202.89277671447158,-280.07962412253846,-240.26793744927784,31.55846264934992,67
1.8255577087402344,0.598779898190589,0.1712209383646647,0.0327361540106085,10,0.3,2,100,"{'max_depth': 10, 'max_features': 0.3, 'min_samples_split': 2, 'n_estimators': 100}",-239.80060187330614,-203.74827669993383,-276.47617132672326,-240.00834996665444,29.69140205136906,64
3.4812604586283364,1.0032721454019713,0.2437734603881836,0.034534780279015735,10,0.3,2,200,"{'max_depth': 10, 'max_features': 0.3, 'min_samples_split': 2, 'n_estimators': 200}",-239.9749488318745,-204.19569836100555,-274.2786244100681,-239.48309053431606,28.613348567154816,58
8.115968465805054,2.5793258809908153,0.4317513306935628,0.02789080496033742,10,0.3,2,500,"{'max_depth': 10, 'max_features': 0.3, 'min_samples_split': 2, 'n_estimators': 500}",-235.91433052046594,-203.89732403727055,-274.7113593684307,-238.17433797538902,28.95384401932301,50
1.8129661083221436,0.6032548618962841,0.1289067268371582,0.024480129078054812,10,0.3,5,100,"{'max_depth': 10, 'max_features': 0.3, 'min_samples_split': 5, 'n_estimators': 100}",-242.26663162253917,-205.5185343446957,-278.03841850292105,-241.94119482338533,29.607013036478243,76
3.3604495525360107,0.9449236717966514,0.2861928939819336,0.018895936154522494,10,0.3,5,200,"{'max_depth': 10, 'max_features': 0.3, 'min_samples_split': 5, 'n_estimators': 200}",-238.36566387026798,-205.5293138476904,-280.88800837050655,-241.59432869615497,30.849650645933533,74
8.131922324498495,2.453754855734954,0.4360021750132243,0.01300468463079439,10,0.3,5,500,"{'max_depth': 10, 'max_features': 0.3, 'min_samples_split': 5, 'n_estimators': 500}",-236.2176678560186,-204.5137440682924,-278.54538821274446,-239.7589333790185,30.326847344786614,61
1.8865436712900798,0.5041005212483962,0.11317125956217448,0.010804203107347438,10,0.3,10,100,"{'max_depth': 10, 'max_features': 0.3, 'min_samples_split': 10, 'n_estimators': 100}",-246.22144504869178,-202.64869500512745,-280.48441744208,-243.11818583196637,31.851976235342363,80
3.2399303913116455,0.9357178345788124,0.22762091954549155,0.021571263845101125,10,0.3,10,200,"{'max_depth': 10, 'max_features': 0.3, 'min_samples_split': 10, 'n_estimators': 200}",-238.55627256253564,-202.637431122734,-281.72594178044625,-240.9732151552386,32.33294850083098,70
8.343961795171102,2.609809787939272,0.4785740375518799,0.01096018805583188,10,0.3,10,500,"{'max_depth': 10, 'max_features': 0.3, 'min_samples_split': 10, 'n_estimators': 500}",-237.8314115108235,-202.89277671447158,-280.0796241225384,-240.2679374492778,31.558462649349895,66
2.56003737449646,1.128254992004429,0.17481748263041177,0.02365797169956496,10,0.5,2,100,"{'max_depth': 10, 'max_features': 0.5, 'min_samples_split': 2, 'n_estimators': 100}",-225.2277781102041,-195.89088521623762,-258.18690688594285,-226.43519007079485,25.44657097659105,17
4.975358645121257,1.7097894011514474,0.24778000513712564,0.013655119236952734,10,0.5,2,200,"{'max_depth': 10, 'max_features': 0.5, 'min_samples_split': 2, 'n_estimators': 200}",-230.31999241788657,-194.02005052654354,-257.52383480647336,-227.28795925030116,26.01381137415237,24
12.28055771191915,4.432921151052645,0.5413190523783366,0.06073752316449546,10,0.5,2,500,"{'max_depth': 10, 'max_features': 0.5, 'min_samples_split': 2, 'n_estimators': 500}",-230.14779594837444,-193.16382360619716,-257.431520592256,-226.91438004894255,26.336608902906658,20
2.6956711610158286,0.9566295631501939,0.17646185557047525,0.0025278707250375176,10,0.5,5,100,"{'max_depth': 10, 'max_features': 0.5, 'min_samples_split': 5, 'n_estimators': 100}",-235.71078999807787,-194.80174843299065,-259.0233323425058,-229.8452902578581,26.5443782543324,27
5.129860242207845,1.798835657872167,0.2715737024943034,0.02292800380106385,10,0.5,5,200,"{'max_depth': 10, 'max_features': 0.5, 'min_samples_split': 5, 'n_estimators': 200}",-230.4497281009906,-193.418211953144,-258.0381124480885,-227.30201750074102,26.474691644553978,25
12.326263109842936,4.417252839363239,0.5092255274454752,0.018200232917338428,10,0.5,5,500,"{'max_depth': 10, 'max_features': 0.5, 'min_samples_split': 5, 'n_estimators': 500}",-227.35291929715237,-192.814993231623,-257.5325259297256,-225.90014615283363,26.440785061329457,16
2.5692343711853027,0.9283951175764561,0.1581263542175293,0.018817945388409796,10,0.5,10,100,"{'max_depth': 10, 'max_features': 0.5, 'min_samples_split': 10, 'n_estimators': 100}",-228.83510353856366,-195.97978587419198,-263.14649723173,-229.32046221482855,27.422842770583017,26
5.03844428062439,1.8625721810546512,0.28806742032368976,0.019799088689121256,10,0.5,10,200,"{'max_depth': 10, 'max_features': 0.5, 'min_samples_split': 10, 'n_estimators': 200}",-228.1254136717076,-193.34550431204104,-260.08454235098395,-227.18515344491087,27.254209051831964,23
12.033408562342325,4.126895742660822,0.5102033615112305,0.05219582992476619,10,0.5,10,500,"{'max_depth': 10, 'max_features': 0.5, 'min_samples_split': 10, 'n_estimators': 500}",-227.73294328888363,-193.30471279176942,-258.77393626760147,-226.60386411608485,26.739620047985543,19
2.589374621709188,0.9641035892208822,0.20799652735392252,0.011013923768477075,15,sqrt,2,100,"{'max_depth': 15, 'max_features': 'sqrt', 'min_samples_split': 2, 'n_estimators': 100}",-237.813794547394,-201.67316609594636,-274.38496920177147,-237.9573099483706,29.684642777344287,48
5.172975381215413,1.8092393368987172,0.3417576154073079,0.02303661605106416,15,sqrt,2,200,"{'max_depth': 15, 'max_features': 'sqrt', 'min_samples_split': 2, 'n_estimators': 200}",-235.3304358413545,-199.2087348261348,-271.99648907629586,-235.5118865812617,29.71575323487213,40
12.560504674911499,4.332196092422248,0.6479190985361735,0.04941766734752017,15,sqrt,2,500,"{'max_depth': 15, 'max_features': 'sqrt', 'min_samples_split': 2, 'n_estimators': 500}",-233.72363825034975,-199.44643058355345,-272.82679808164653,-235.33228897184992,29.97899710793804,38
2.3833316961924234,0.8529442453334385,0.17240428924560547,0.02973330419932058,15,sqrt,5,100,"{'max_depth': 15, 'max_features': 'sqrt', 'min_samples_split': 5, 'n_estimators': 100}",-243.7787228672836,-203.7479867786648,-275.7287386770145,-241.0851494409876,29.44767862175308,72
4.494665622711182,1.5147612289968684,0.2896432876586914,0.02481016007493379,15,sqrt,5,200,"{'max_depth': 15, 'max_features': 'sqrt', 'min_samples_split': 5, 'n_estimators': 200}",-237.41570477030416,-201.29846992709182,-274.175534619484,-237.62990310562665,29.752322601100342,46
11.043806076049805,3.7307713378195873,0.5699041684468588,0.07214311973552169,15,sqrt,5,500,"{'max_depth': 15, 'max_features': 'sqrt', 'min_samples_split': 5, 'n_estimators': 500}",-233.60555883821604,-200.03733380265908,-272.2821335913429,-235.308342077406,29.518382715369114,36
2.1349685192108154,0.7590118992137562,0.16733662287394205,0.003962909488011596,15,sqrt,10,100,"{'max_depth': 15, 'max_features': 'sqrt', 'min_samples_split': 10, 'n_estimators': 100}",-243.97352867122206,-201.9413969649426,-283.2135480002543,-243.04282454547297,33.18574283337042,78
4.053015232086182,1.3969188351181918,0.269054651260376,0.029717381479057243,15,sqrt,10,200,"{'max_depth': 15, 'max_features': 'sqrt', 'min_samples_split': 10, 'n_estimators': 200}",-241.03749909151236,-200.11582478034788,-278.30323668476603,-239.81885351887544,31.9315065711132,63
10.042105833689371,3.5651578336493834,0.5223666032155355,0.06474638362811846,15,sqrt,10,500,"{'max_depth': 15, 'max_features': 'sqrt', 'min_samples_split': 10, 'n_estimators': 500}",-236.96166848688952,-201.2296235910818,-277.5297749826236,-238.57368902019832,31.1702554073902,52
2.7087212403615317,1.0341546659831762,0.19060166676839194,0.009682940505267417,15,0.3,2,100,"{'max_depth': 15, 'max_features': 0.3, 'min_samples_split': 2, 'n_estimators': 100}",-237.813794547394,-201.67316609594636,-274.38496920177147,-237.9573099483706,29.684642777344287,48
4.913504362106323,1.763351208327815,0.31798815727233887,0.030707912926210234,15,0.3,2,200,"{'max_depth': 15, 'max_features': 0.3, 'min_samples_split': 2, 'n_estimators': 200}",-235.33043584135453,-199.20873482613482,-271.99648907629586,-235.5118865812617,29.715753234872114,40
12.236964305241903,4.223433594651253,0.617082675298055,0.09659144001267957,15,0.3,2,500,"{'max_depth': 15, 'max_features': 0.3, 'min_samples_split': 2, 'n_estimators': 500}",-233.72363825034972,-199.44643058355345,-272.82679808164653,-235.33228897184992,29.97899710793804,38
2.244140386581421,0.9635984294631562,0.15615359942118326,0.02932569815481708,15,0.3,5,100,"{'max_depth': 15, 'max_features': 0.3, 'min_samples_split': 5, 'n_estimators': 100}",-243.7787228672836,-203.74798677866477,-275.72873867701446,-241.0851494409876,29.44767862175307,72
4.598827759424846,1.5717600067979944,0.2722294330596924,0.03856082798636592,15,0.3,5,200,"{'max_depth': 15, 'max_features': 0.3, 'min_samples_split': 5, 'n_estimators': 200}",-237.41570477030416,-201.29846992709182,-274.175534619484,-237.62990310562665,29.752322601100342,46
10.843854427337646,3.992682029316287,0.5977091789245605,0.10081460701239772,15,0.3,5,500,"{'max_depth': 15, 'max_features': 0.3, 'min_samples_split': 5, 'n_estimators': 500}",-233.60555883821607,-200.03733380265908,-272.2821335913429,-235.30834207740602,29.518382715369114,37
2.204091707865397,0.7433657657710093,0.16267681121826172,0.04654641819718143,15,0.3,10,100,"{'max_depth': 15, 'max_features': 0.3, 'min_samples_split': 10, 'n_estimators': 100}",-243.97352867122214,-201.9413969649426,-283.2135480002543,-243.04282454547305,33.18574283337042,79
4.0196638107299805,1.3580051410035923,0.28825823465983075,0.03554638557110274,15,0.3,10,200,"{'max_depth': 15, 'max_features': 0.3, 'min_samples_split': 10, 'n_estimators': 200}",-241.03749909151236,-200.11582478034785,-278.303236684766,-239.8188535188754,31.931506571113186,62
10.37259324391683,3.7185789032892864,0.5033669471740723,0.018744840508482415,15,0.3,10,500,"{'max_depth': 15, 'max_features': 0.3, 'min_samples_split': 10, 'n_estimators': 500}",-236.96166848688947,-201.2296235910818,-277.5297749826236,-238.57368902019832,31.1702554073902,52
3.7320518493652344,1.4665609997450229,0.20130244890848795,0.004948806283997863,15,0.5,2,100,"{'max_depth': 15, 'max_features': 0.5, 'min_samples_split': 2, 'n_estimators': 100}",-228.31526277619193,-196.53993725522423,-256.27263255460633,-227.04261086200754,24.402369476524395,22
7.400966962178548,3.053563363144752,0.35430248578389484,0.0325443111505405,15,0.5,2,200,"{'max_depth': 15, 'max_features': 0.5, 'min_samples_split': 2, 'n_estimators': 200}",-226.8663964539561,-194.40681663315507,-253.79917243796555,-225.0241285083589,24.281796273461488,5
18.96181074778239,6.936538579047548,0.6276082197825114,0.08824990182497866,15,0.5,2,500,"{'max_depth': 15, 'max_features': 0.5, 'min_samples_split': 2, 'n_estimators': 500}",-226.03676748711266,-193.4091774973391,-253.32843879463456,-224.2581279263621,24.494246094660582,3
3.4715112845102944,1.3472420306810442,0.2023195425669352,0.02032268362555643,15,0.5,5,100,"{'max_depth': 15, 'max_features': 0.5, 'min_samples_split': 5, 'n_estimators': 100}",-229.57613523083518,-194.13337105387546,-257.12263696861015,-226.94404775110692,25.782524035930436,21
6.765149672826131,2.571175029802987,0.3169216314951579,0.03351358799091929,15,0.5,5,200,"{'max_depth': 15, 'max_features': 0.5, 'min_samples_split': 5, 'n_estimators': 200}",-228.09007722807686,-193.03966926382256,-254.98397372874302,-225.37124007354748,25.36162810908543,12
16.145586490631104,6.220172825340813,0.6722149054209391,0.04146415874994174,15,0.5,5,500,"{'max_depth': 15, 'max_features': 0.5, 'min_samples_split': 5, 'n_estimators': 500}",-227.9436477761046,-193.00261070544855,-254.15061406753597,-225.03229084969635,25.048307702746076,6
3.2205440203348794,1.2915810597633817,0.18092878659566244,0.011646247627119799,15,0.5,10,100,"{'max_depth': 15, 'max_features': 0.5, 'min_samples_split': 10, 'n_estimators': 100}",-226.99532201103554,-193.7066196548326,-255.81447056517186,-225.50547074368,25.377299945349627,14
6.070334434509277,2.2403368330127007,0.28882940610249835,0.03363185349355189,15,0.5,10,200,"{'max_depth': 15, 'max_features': 0.5, 'min_samples_split': 10, 'n_estimators': 200}",-227.08396565332706,-192.23701627812096,-254.95377299661513,-224.75825164268772,25.656767821456114,4
15.057149728139242,5.809241136800756,0.5794612566630045,0.048097060035102265,15,0.5,10,500,"{'max_depth': 15, 'max_features': 0.5, 'min_samples_split': 10, 'n_estimators': 500}",-227.5457698107508,-193.20092685894932,-255.08427907612344,-225.2769919152745,25.314657615209924,11
3.1068553924560547,1.081494297038995,0.2268549601236979,0.024113005178656683,20,sqrt,2,100,"{'max_depth': 20, 'max_features': 'sqrt', 'min_samples_split': 2, 'n_estimators': 100}",-234.23019857033614,-202.78555088786376,-267.88507972595033,-234.96694306138343,26.58187675928887,34
5.968692859013875,2.1779222173534722,0.3510425090789795,0.04660673215440068,20,sqrt,2,200,"{'max_depth': 20, 'max_features': 'sqrt', 'min_samples_split': 2, 'n_estimators': 200}",-231.95288374280088,-202.50058677320337,-270.1219742250083,-234.8584815803375,27.68266466367117,32
14.591862916946411,5.362747568308889,0.7064119974772135,0.10605104022337843,20,sqrt,2,500,"{'max_depth': 20, 'max_features': 'sqrt', 'min_samples_split': 2, 'n_estimators': 500}",-231.38747708678616,-201.78240302798233,-269.80798079805453,-234.32595363760765,27.848947210117075,28
2.6325692335764566,0.9769785568629896,0.19927827517191568,0.028710787017420924,20,sqrt,5,100,"{'max_depth': 20, 'max_features': 'sqrt', 'min_samples_split': 5, 'n_estimators': 100}",-238.34875772908046,-206.64872184574955,-271.4297192141159,-238.80906626298193,26.448734285656073,54
4.841196695963542,1.7955029309614936,0.2767777442932129,0.015459175613679233,20,sqrt,5,200,"{'max_depth': 20, 'max_features': 'sqrt', 'min_samples_split': 5, 'n_estimators': 200}",-236.69519065971488,-203.60507493019824,-269.4275020933877,-236.57592256110027,26.87202570298533,42
11.293871561686197,3.63131271306776,0.5601877371470133,0.04489808322399705,20,sqrt,5,500,"{'max_depth': 20, 'max_features': 'sqrt', 'min_samples_split': 5, 'n_estimators': 500}",-233.50788442322988,-201.60164334258718,-269.36384429102907,-234.82445735228202,27.67946281454163,30
2.24967630704244,0.7577860594238179,0.1514283021291097,0.03787156944994257,20,sqrt,10,100,"{'max_depth': 20, 'max_features': 'sqrt', 'min_samples_split': 10, 'n_estimators': 100}",-239.26123762903697,-207.36348719316166,-274.9089220411308,-240.5112156211098,27.589469922850515,68
3.637805620829264,1.1651005804069283,0.24946999549865723,0.02263909854027974,20,sqrt,10,200,"{'max_depth': 20, 'max_features': 'sqrt', 'min_samples_split': 10, 'n_estimators': 200}",-238.11113065106312,-204.1838691886544,-274.33532055563757,-238.87677346511836,28.644326825307974,56
10.180875539779663,4.103941751634818,0.5254920323689779,0.03979706315002867,20,sqrt,10,500,"{'max_depth': 20, 'max_features': 'sqrt', 'min_samples_split': 10, 'n_estimators': 500}",-235.79614562011236,-202.07715218584457,-274.73213818021617,-237.53514532872433,29.686751674223277,44
3.062867800394694,1.2769806851451801,0.17305413881937662,0.01893455028681232,20,0.3,2,100,"{'max_depth': 20, 'max_features': 0.3, 'min_samples_split': 2, 'n_estimators': 100}",-234.23019857033614,-202.78555088786376,-267.88507972595033,-234.96694306138343,26.58187675928887,34
5.84650182723999,2.1532567517958663,0.31876738866170246,0.018876575114843173,20,0.3,2,200,"{'max_depth': 20, 'max_features': 0.3, 'min_samples_split': 2, 'n_estimators': 200}",-231.95288374280088,-202.50058677320337,-270.1219742250083,-234.8584815803375,27.68266466367117,32
14.436525026957193,5.3941900120804345,0.7060218652089437,0.07749278865223887,20,0.3,2,500,"{'max_depth': 20, 'max_features': 0.3, 'min_samples_split': 2, 'n_estimators': 500}",-231.38747708678616,-201.78240302798235,-269.80798079805453,-234.32595363760765,27.84894721011706,28
2.5204991499582925,0.9748959517746112,0.18575533231099448,0.010881983140463378,20,0.3,5,100,"{'max_depth': 20, 'max_features': 0.3, 'min_samples_split': 5, 'n_estimators': 100}",-238.34875772908046,-206.64872184574952,-271.4297192141159,-238.80906626298193,26.448734285656084,54
5.019534269968669,1.7604199642739886,0.2822129726409912,0.07479469291117767,20,0.3,5,200,"{'max_depth': 20, 'max_features': 0.3, 'min_samples_split': 5, 'n_estimators': 200}",-236.69519065971494,-203.60507493019824,-269.4275020933877,-236.57592256110033,26.872025702985326,43
11.85055939356486,4.567118925665109,0.5637750625610352,0.01403417314631833,20,0.3,5,500,"{'max_depth': 20, 'max_features': 0.3, 'min_samples_split': 5, 'n_estimators': 500}",-233.50788442322985,-201.60164334258724,-269.363844291029,-234.82445735228202,27.679462814541584,30
2.2761669953664145,0.8479941218589674,0.14337698618570963,0.03230782710546378,20,0.3,10,100,"{'max_depth': 20, 'max_features': 0.3, 'min_samples_split': 10, 'n_estimators': 100}",-239.26123762903697,-207.3634871931617,-274.9089220411308,-240.51121562110984,27.589469922850505,69
4.362877448399861,1.538272074009463,0.28478678067525226,0.06474256246496098,20,0.3,10,200,"{'max_depth': 20, 'max_features': 0.3, 'min_samples_split': 10, 'n_estimators': 200}",-238.11113065106318,-204.1838691886544,-274.33532055563757,-238.87677346511836,28.644326825307974,56
10.70559016863505,3.942843574013932,0.5810407002766927,0.06061671763111796,20,0.3,10,500,"{'max_depth': 20, 'max_features': 0.3, 'min_samples_split': 10, 'n_estimators': 500}",-235.79614562011236,-202.07715218584457,-274.73213818021617,-237.53514532872433,29.686751674223277,44
4.404943863550822,1.781197885712678,0.2080550193786621,0.019725241397397047,20,0.5,2,100,"{'max_depth': 20, 'max_features': 0.5, 'min_samples_split': 2, 'n_estimators': 100}",-223.73261954451303,-195.23942630931788,-257.50250959088004,-225.4915184815703,25.449206654756743,13
8.36408813794454,3.4671804275201614,0.3807364304860433,0.035076859372847186,20,0.5,2,200,"{'max_depth': 20, 'max_features': 0.5, 'min_samples_split': 2, 'n_estimators': 200}",-226.24478370093865,-195.28514449147377,-255.98701141757556,-225.838979869996,24.783094636471425,15
20.917082230250042,8.63419180060003,0.7431004047393799,0.06439230184802405,20,0.5,2,500,"{'max_depth': 20, 'max_features': 0.5, 'min_samples_split': 2, 'n_estimators': 500}",-227.46494808943828,-194.1516455091943,-254.15848675167888,-225.2583601167705,24.54732873228135,10
3.7914684613545737,1.5409101593207555,0.19063051541646323,0.02543367399436685,20,0.5,5,100,"{'max_depth': 20, 'max_features': 0.5, 'min_samples_split': 5, 'n_estimators': 100}",-225.7055019000397,-196.5815277446361,-257.2702300243313,-226.51908655633574,24.782737084418123,18
7.3412206172943115,3.0026225506905386,0.3443358739217122,0.03261498358293914,20,0.5,5,200,"{'max_depth': 20, 'max_features': 0.5, 'min_samples_split': 5, 'n_estimators': 200}",-225.70008095316913,-194.1645306395519,-255.70508273701228,-225.18989810991113,25.12641509136317,7
17.506735642751057,6.891365580088608,0.6127972602844238,0.047896516391427814,20,0.5,5,500,"{'max_depth': 20, 'max_features': 0.5, 'min_samples_split': 5, 'n_estimators': 500}",-227.72767577098756,-193.5704540083263,-254.42943883995062,-225.24252287308818,24.90764270096528,9
3.4494360287984214,1.4097390609826106,0.19698389371236166,0.013903731750530848,20,0.5,10,100,"{'max_depth': 20, 'max_features': 0.5, 'min_samples_split': 10, 'n_estimators': 100}",-223.24777408043252,-193.62732524014982,-258.8452663713452,-225.2401218973092,26.662358594287642,8
6.390918016433716,2.5485980553195833,0.2662978172302246,0.03710945727694809,20,0.5,10,200,"{'max_depth': 20, 'max_features': 0.5, 'min_samples_split': 10, 'n_estimators': 200}",-224.55560886709543,-190.97304807607313,-255.91244484760938,-223.813700596926,26.516587691151145,1
10.1846874554952,1.3426079709117071,0.4143954912821452,0.14001557085200272,20,0.5,10,500,"{'max_depth': 20, 'max_features': 0.5, 'min_samples_split': 10, 'n_estimators': 500}",-226.2021712301457,-192.27707792140652,-254.09556101850814,-224.1916033900201,25.277302076322282,2
